{"periodicna":[{"dan":5,"semestar":"zimski","pocetak":"12:35","kraj":"14:00","naziv":"0-01","predavac":"Emir"},{"dan":6,"semestar":"ljetni","pocetak":"12:35","kraj":"15:00","naziv":"0-01","predavac":"Emir"}],"vanredna":[{"datum":"21.11.2019","pocetak":"12:35","kraj":"15:00","naziv":"0-01","predavac":"Emir"},{"datum":"03.10.2019","pocetak":"12:35","kraj":"15:00","naziv":"0-01","predavac":"Emir"},{"datum":"18.09.2019","pocetak":"12:35","kraj":"15:00","naziv":"0-01","predavac":"Emir"},{"datum":"03.07.2019","pocetak":"12:35","kraj":"15:00","naziv":"0-01","predavac":"Emir"},{"datum":"27.06.2019","pocetak":"12:35","kraj":"15:00","naziv":"0-01","predavac":"Emir"},{"datum":"01.08.2019","pocetak":"12:35","kraj":"15:00","naziv":"0-01","predavac":"Emir"},{"datum":"20.08.2019","pocetak":"12:35","kraj":"15:00","naziv":"0-01","predavac":"Emir"}]}