{"periodicniPodaci":[{"dan":5,"semestar":"zimski","pocetak":"01:00","kraj":"13:00","naziv":"VA1","predavac":"Logovani profesor"}],"vanredniPodaci":[{"datum":"30.11.2019","pocetak":"12:30","kraj":"18:00","naziv":"VA1","predavac":"Logovani profesor"},{"datum":"30.11.2019","pocetak":"12:00","kraj":"14:00","naziv":"VA1","predavac":"Logovani profesor"},{"datum":"05.12.2019","pocetak":"12:00","kraj":"14:00","naziv":"VA1","predavac":"Logovani profesor"},{"datum":"30.11.2019","pocetak":"19:00","kraj":"21:00","naziv":"VA1","predavac":"Logovani profesor"},{"datum":"01.12.2019","pocetak":"19:00","kraj":"21:00","naziv":"VA1","predavac":"Logovani profesor"},{"datum":"03.12.2019","pocetak":"04:03","kraj":"07:00","naziv":"VA1","predavac":"Logovani profesor"},{"datum":"05.12.2019","pocetak":"14:30","kraj":"18:00","naziv":"VA1","predavac":"Logovani profesor"},{"datum":"30.11.2019","pocetak":"14:30","kraj":"18:00","naziv":"VA1","predavac":"Logovani profesor"},{"datum":"05.01.2020","pocetak":"01:00","kraj":"13:00","naziv":"VA1","predavac":"Logovani profesor"}]}