{"periodicna":[{"dan":1,"semestar":"zimski","pocetak":"10:00","kraj":"12:00","naziv":"0-01","predavac":"Mujo Mujic"},{"dan":4,"semestar":"zimski","pocetak":"12:00","kraj":"14:00","naziv":"0-01","predavac":"Mujo Mujic"},{"dan":5,"semestar":"zimski","pocetak":"03:00","kraj":"04:00","naziv":"0-01","predavac":"Neko Nekic"},{"dan":5,"semestar":"zimski","pocetak":"03:00","kraj":"04:00","naziv":"0-01","predavac":"Neko Nekic"},{"dan":5,"semestar":"zimski","pocetak":"01:00","kraj":"02:00","naziv":"0-01","predavac":"Neko Nekic"},{"dan":4,"semestar":"zimski","pocetak":"01:00","kraj":"02:00","naziv":"0-01","predavac":"Neko Nekic"},{"dan":6,"semestar":"ljetni","pocetak":"05:00","kraj":"07:00","naziv":"0-01","predavac":"Neko Nekic"}],"vandredna":[{"datum":"2019-10-28","pocetak":"15:00","kraj":"16:00","naziv":"0-02","predavac":"Neko Nekic"},{"datum":"2019-11-3","pocetak":"16:00","kraj":"18:00","naziv":"0-02","predavac":"Test Test"},{"datum":"119-1-2","pocetak":"01:00","kraj":"02:00","naziv":"0-01","predavac":"Vandredni"},{"datum":"119-1-3","pocetak":"03:00","kraj":"04:00","naziv":"0-01","predavac":"Vandredni"},{"datum":"119-2-1","pocetak":"01:00","kraj":"02:00","naziv":"0-01","predavac":"Vandredni"}]}