{
  "testId" : "1-sale.gspec",
  "name" : "sale.gspec",
  "report" : {
    "nodes" : [ {
      "name" : "Mutation test",
      "status" : "info",
      "nodes" : [ {
        "name" : "check  sale.gspec --url http:\\\\localhost\\public\\sale.html --size 1024x768 --offset 5 --htmlreport mutate-izvjestaj",
        "status" : "info",
        "nodes" : [ {
          "name" : "Check layout: sale.gspec included tags: ",
          "status" : "error",
          "time" : 1573685778788,
          "sections" : [ {
            "name" : "Header section",
            "place" : {
              "filePath" : "sale.gspec",
              "lineNumber" : 19
            },
            "objects" : [ {
              "name" : "meni",
              "specs" : [ {
                "status" : "info",
                "place" : {
                  "filePath" : "sale.gspec",
                  "lineNumber" : 21
                },
                "name" : "contains lista",
                "highlight" : [ "meni", "lista" ]
              }, {
                "status" : "info",
                "place" : {
                  "filePath" : "sale.gspec",
                  "lineNumber" : 22
                },
                "name" : "css margin is \"50px 0px 5px\"",
                "highlight" : [ "meni" ]
              } ]
            }, {
              "name" : "logo",
              "specs" : [ {
                "status" : "info",
                "place" : {
                  "filePath" : "sale.gspec",
                  "lineNumber" : 24
                },
                "name" : "on top edge meni",
                "highlight" : [ "logo", "meni" ]
              }, {
                "status" : "info",
                "place" : {
                  "filePath" : "sale.gspec",
                  "lineNumber" : 25
                },
                "name" : "contains img",
                "highlight" : [ "logo", "img" ]
              } ]
            }, {
              "name" : "lista-link-1",
              "specs" : [ {
                "status" : "info",
                "place" : {
                  "filePath" : "sale.gspec",
                  "lineNumber" : 27
                },
                "name" : "text contains \"Početna\"",
                "highlight" : [ "lista-link-1" ]
              }, {
                "status" : "info",
                "place" : {
                  "filePath" : "sale.gspec",
                  "lineNumber" : 28
                },
                "name" : "css color is \"rgba(0, 0, 0, 1)\"",
                "highlight" : [ "lista-link-1" ]
              } ]
            }, {
              "name" : "lista-link-2",
              "specs" : [ {
                "status" : "info",
                "place" : {
                  "filePath" : "sale.gspec",
                  "lineNumber" : 30
                },
                "name" : "text contains \"Sale\"",
                "highlight" : [ "lista-link-2" ]
              }, {
                "status" : "info",
                "place" : {
                  "filePath" : "sale.gspec",
                  "lineNumber" : 31
                },
                "name" : "css text-decoration contains \"none\"",
                "highlight" : [ "lista-link-2" ]
              }, {
                "status" : "info",
                "place" : {
                  "filePath" : "sale.gspec",
                  "lineNumber" : 32
                },
                "name" : "css color is \"rgba(0, 0, 0, 1)\"",
                "highlight" : [ "lista-link-2" ]
              } ]
            }, {
              "name" : "lista-link-3",
              "specs" : [ {
                "status" : "info",
                "place" : {
                  "filePath" : "sale.gspec",
                  "lineNumber" : 34
                },
                "name" : "text contains \"Unos\"",
                "highlight" : [ "lista-link-3" ]
              }, {
                "status" : "info",
                "place" : {
                  "filePath" : "sale.gspec",
                  "lineNumber" : 35
                },
                "name" : "css color is \"rgba(0, 0, 0, 1)\"",
                "highlight" : [ "lista-link-3" ]
              } ]
            }, {
              "name" : "lista-link-4",
              "specs" : [ {
                "status" : "info",
                "place" : {
                  "filePath" : "sale.gspec",
                  "lineNumber" : 37
                },
                "name" : "text contains \"Rezervacije\"",
                "highlight" : [ "lista-link-4" ]
              }, {
                "status" : "info",
                "place" : {
                  "filePath" : "sale.gspec",
                  "lineNumber" : 38
                },
                "name" : "css color is \"rgba(0, 0, 0, 1)\"",
                "highlight" : [ "lista-link-4" ]
              } ]
            }, {
              "name" : "lista-link-5",
              "specs" : [ {
                "status" : "info",
                "place" : {
                  "filePath" : "sale.gspec",
                  "lineNumber" : 40
                },
                "name" : "text contains \"Osobe\"",
                "highlight" : [ "lista-link-5" ]
              }, {
                "status" : "info",
                "place" : {
                  "filePath" : "sale.gspec",
                  "lineNumber" : 41
                },
                "name" : "css color is \"rgba(0, 0, 0, 1)\"",
                "highlight" : [ "lista-link-5" ]
              } ]
            } ]
          }, {
            "name" : "main section",
            "place" : {
              "filePath" : "sale.gspec",
              "lineNumber" : 42
            },
            "objects" : [ {
              "name" : "sadrzaj",
              "specs" : [ {
                "status" : "info",
                "place" : {
                  "filePath" : "sale.gspec",
                  "lineNumber" : 44
                },
                "name" : "contains tabelaSala",
                "highlight" : [ "sadrzaj", "tabelaSala" ]
              } ]
            }, {
              "name" : "tabelaSala",
              "specs" : [ {
                "status" : "info",
                "place" : {
                  "filePath" : "sale.gspec",
                  "lineNumber" : 46
                },
                "name" : "inside sadrzaj",
                "meta" : [ ],
                "highlight" : [ "tabelaSala", "sadrzaj" ]
              }, {
                "status" : "info",
                "place" : {
                  "filePath" : "sale.gspec",
                  "lineNumber" : 47
                },
                "name" : "contains cellRedni, cellSpratovi, emptyCell",
                "highlight" : [ "tabelaSala", "cellRedni", "cellSpratovi", "emptyCell" ]
              } ]
            }, {
              "name" : "cellRedni",
              "specs" : [ {
                "status" : "info",
                "place" : {
                  "filePath" : "sale.gspec",
                  "lineNumber" : 49
                },
                "name" : "count any headerSprat-* is 6",
                "highlight" : [ "headerSprat-6", "headerSprat-4", "headerSprat-5", "headerSprat-2", "headerSprat-3", "headerSprat-1" ]
              } ]
            }, {
              "name" : "cellSpratovi",
              "specs" : [ {
                "status" : "info",
                "place" : {
                  "filePath" : "sale.gspec",
                  "lineNumber" : 51
                },
                "name" : "count any headerRedni-* is 10",
                "highlight" : [ "headerRedni-9", "headerRedni-8", "headerRedni-10", "headerRedni-7", "headerRedni-6", "headerRedni-1", "headerRedni-5", "headerRedni-4", "headerRedni-3", "headerRedni-2" ]
              } ]
            }, {
              "name" : "slobodnaSala",
              "specs" : [ {
                "status" : "info",
                "place" : {
                  "filePath" : "sale.gspec",
                  "lineNumber" : 53
                },
                "name" : "inside tabelaSala",
                "meta" : [ ],
                "highlight" : [ "slobodnaSala", "tabelaSala" ]
              }, {
                "status" : "error",
                "place" : {
                  "filePath" : "sale.gspec",
                  "lineNumber" : 54
                },
                "name" : "css background-color is \"rgba(0, 255, 0, 1)\"",
                "errors" : [ "\"slobodnaSala\" css property \"background-color\" is \"rgba(0, 128, 0, 1)\" but should be \"rgba(0, 255, 0, 1)\"" ],
                "highlight" : [ "slobodnaSala" ]
              } ]
            } ]
          } ],
          "objects" : {
            "img" : {
              "area" : [ 470, 25, 50, 50 ]
            },
            "tabelaSala" : {
              "area" : [ 327, 173, 336, 394 ]
            },
            "slobodnaSala" : {
              "area" : [ 404, 215, 51, 39 ]
            },
            "headerRedni-9" : {
              "area" : [ 327, 488, 77, 39 ]
            },
            "headerRedni-8" : {
              "area" : [ 327, 449, 77, 39 ]
            },
            "headerRedni-10" : {
              "area" : [ 327, 527, 77, 39 ]
            },
            "headerRedni-7" : {
              "area" : [ 327, 410, 77, 39 ]
            },
            "headerRedni-6" : {
              "area" : [ 327, 371, 77, 39 ]
            },
            "headerRedni-1" : {
              "area" : [ 327, 194, 77, 21 ]
            },
            "logo" : {
              "area" : [ 470, 25, 50, 50 ]
            },
            "headerSprat-1" : {
              "area" : [ 404, 173, 258, 21 ]
            },
            "emptyCell" : {
              "area" : [ 327, 173, 77, 21 ]
            },
            "headerRedni-5" : {
              "area" : [ 327, 332, 77, 39 ]
            },
            "headerRedni-4" : {
              "area" : [ 327, 293, 77, 39 ]
            },
            "headerRedni-3" : {
              "area" : [ 327, 254, 77, 39 ]
            },
            "headerRedni-2" : {
              "area" : [ 327, 215, 77, 39 ]
            },
            "meni" : {
              "area" : [ 8, 50, 975, 108 ]
            },
            "lista" : {
              "area" : [ 348, 120, 60, 18 ]
            },
            "headerSprat-6" : {
              "area" : [ 608, 194, 54, 21 ]
            },
            "headerSprat-4" : {
              "area" : [ 506, 194, 51, 21 ]
            },
            "cellSpratovi" : {
              "area" : [ 404, 173, 258, 21 ]
            },
            "headerSprat-5" : {
              "area" : [ 557, 194, 51, 21 ]
            },
            "cellRedni" : {
              "area" : [ 327, 194, 77, 21 ]
            },
            "headerSprat-2" : {
              "area" : [ 404, 194, 51, 21 ]
            },
            "headerSprat-3" : {
              "area" : [ 455, 194, 51, 21 ]
            },
            "sadrzaj" : {
              "area" : [ 8, 163, 975, 680 ]
            },
            "lista-link-1" : {
              "area" : [ 353, 120, 51, 17 ]
            },
            "lista-link-2" : {
              "area" : [ 417, 120, 28, 17 ]
            },
            "lista-link-3" : {
              "area" : [ 459, 120, 33, 17 ]
            },
            "lista-link-4" : {
              "area" : [ 507, 120, 76, 17 ]
            },
            "lista-link-5" : {
              "area" : [ 596, 120, 41, 17 ]
            }
          },
          "screenshot" : "layout-1-screenshot.png",
          "type" : "layout"
        }, {
          "name" : "Mutation testing: sale.gspec included tags: ",
          "status" : "error",
          "time" : 1573685778788,
          "mutationReport" : {
            "objectMutationStatistics" : { },
            "totalPassed" : 0,
            "totalFailed" : 0,
            "error" : "Cannot perform mutation testing. There are errors in initial layout validation report",
            "failedRatio" : 0.0,
            "totalMutations" : 0
          },
          "type" : "mutation"
        } ],
        "time" : 1573685771025,
        "type" : "node"
      } ],
      "time" : 1573685765529,
      "type" : "node"
    } ]
  }
}