{
  "testId" : "1-pocetna.gspec",
  "name" : "pocetna.gspec",
  "report" : {
    "nodes" : [ {
      "name" : "Simple check",
      "status" : "info",
      "nodes" : [ {
        "name" : "check  pocetna.gspec --url http://localhost/public/pocetna.html --size 1024x768 --htmlreport izvjestaj",
        "status" : "info",
        "nodes" : [ {
          "name" : "Check layout: pocetna.gspec included tags: ",
          "status" : "info",
          "time" : 1573684189314,
          "sections" : [ {
            "name" : "Header section",
            "place" : {
              "filePath" : "pocetna.gspec",
              "lineNumber" : 11
            },
            "objects" : [ {
              "name" : "meni",
              "specs" : [ {
                "status" : "info",
                "place" : {
                  "filePath" : "pocetna.gspec",
                  "lineNumber" : 13
                },
                "name" : "contains lista",
                "highlight" : [ "meni", "lista" ]
              }, {
                "status" : "info",
                "place" : {
                  "filePath" : "pocetna.gspec",
                  "lineNumber" : 14
                },
                "name" : "css margin is \"50px 0px 5px\"",
                "highlight" : [ "meni" ]
              } ]
            }, {
              "name" : "logo",
              "specs" : [ {
                "status" : "info",
                "place" : {
                  "filePath" : "pocetna.gspec",
                  "lineNumber" : 16
                },
                "name" : "on top edge meni",
                "highlight" : [ "logo", "meni" ]
              }, {
                "status" : "info",
                "place" : {
                  "filePath" : "pocetna.gspec",
                  "lineNumber" : 17
                },
                "name" : "contains img",
                "highlight" : [ "logo", "img" ]
              } ]
            }, {
              "name" : "lista-link-1",
              "specs" : [ {
                "status" : "info",
                "place" : {
                  "filePath" : "pocetna.gspec",
                  "lineNumber" : 19
                },
                "name" : "text contains \"Početna\"",
                "highlight" : [ "lista-link-1" ]
              }, {
                "status" : "info",
                "place" : {
                  "filePath" : "pocetna.gspec",
                  "lineNumber" : 20
                },
                "name" : "css text-decoration contains \"none\"",
                "highlight" : [ "lista-link-1" ]
              }, {
                "status" : "info",
                "place" : {
                  "filePath" : "pocetna.gspec",
                  "lineNumber" : 21
                },
                "name" : "css color is \"rgba(0, 0, 0, 1)\"",
                "highlight" : [ "lista-link-1" ]
              } ]
            }, {
              "name" : "lista-link-2",
              "specs" : [ {
                "status" : "info",
                "place" : {
                  "filePath" : "pocetna.gspec",
                  "lineNumber" : 23
                },
                "name" : "text contains \"Sale\"",
                "highlight" : [ "lista-link-2" ]
              }, {
                "status" : "info",
                "place" : {
                  "filePath" : "pocetna.gspec",
                  "lineNumber" : 24
                },
                "name" : "css color is \"rgba(0, 0, 0, 1)\"",
                "highlight" : [ "lista-link-2" ]
              } ]
            }, {
              "name" : "lista-link-3",
              "specs" : [ {
                "status" : "info",
                "place" : {
                  "filePath" : "pocetna.gspec",
                  "lineNumber" : 26
                },
                "name" : "text contains \"Unos\"",
                "highlight" : [ "lista-link-3" ]
              }, {
                "status" : "info",
                "place" : {
                  "filePath" : "pocetna.gspec",
                  "lineNumber" : 27
                },
                "name" : "css color is \"rgba(0, 0, 0, 1)\"",
                "highlight" : [ "lista-link-3" ]
              } ]
            }, {
              "name" : "lista-link-4",
              "specs" : [ {
                "status" : "info",
                "place" : {
                  "filePath" : "pocetna.gspec",
                  "lineNumber" : 29
                },
                "name" : "text contains \"Rezervacije\"",
                "highlight" : [ "lista-link-4" ]
              }, {
                "status" : "info",
                "place" : {
                  "filePath" : "pocetna.gspec",
                  "lineNumber" : 30
                },
                "name" : "css color is \"rgba(0, 0, 0, 1)\"",
                "highlight" : [ "lista-link-4" ]
              } ]
            }, {
              "name" : "lista-link-5",
              "specs" : [ {
                "status" : "info",
                "place" : {
                  "filePath" : "pocetna.gspec",
                  "lineNumber" : 32
                },
                "name" : "text contains \"Osobe\"",
                "highlight" : [ "lista-link-5" ]
              }, {
                "status" : "info",
                "place" : {
                  "filePath" : "pocetna.gspec",
                  "lineNumber" : 33
                },
                "name" : "css color is \"rgba(0, 0, 0, 1)\"",
                "highlight" : [ "lista-link-5" ]
              } ]
            } ]
          }, {
            "name" : "Main section",
            "place" : {
              "filePath" : "pocetna.gspec",
              "lineNumber" : 35
            },
            "objects" : [ {
              "name" : "sadrzaj",
              "specs" : [ {
                "status" : "info",
                "place" : {
                  "filePath" : "pocetna.gspec",
                  "lineNumber" : 37
                },
                "name" : "contains grid",
                "highlight" : [ "sadrzaj", "grid" ]
              } ]
            }, {
              "name" : "grid",
              "specs" : [ {
                "status" : "info",
                "place" : {
                  "filePath" : "pocetna.gspec",
                  "lineNumber" : 39
                },
                "name" : "count any grid-element-* is 10",
                "highlight" : [ "grid-element-10", "grid-element-9", "grid-element-8", "grid-element-7", "grid-element-6", "grid-element-5", "grid-element-4", "grid-element-3", "grid-element-2", "grid-element-1" ]
              }, {
                "status" : "info",
                "place" : {
                  "filePath" : "pocetna.gspec",
                  "lineNumber" : 40
                },
                "name" : "inside sadrzaj",
                "meta" : [ ],
                "highlight" : [ "grid", "sadrzaj" ]
              }, {
                "status" : "info",
                "place" : {
                  "filePath" : "pocetna.gspec",
                  "lineNumber" : 41
                },
                "name" : "css display is \"grid\"",
                "highlight" : [ "grid" ]
              } ]
            }, {
              "name" : "grid-element-1",
              "specs" : [ {
                "status" : "info",
                "place" : {
                  "filePath" : "pocetna.gspec",
                  "lineNumber" : 43
                },
                "name" : "inside grid",
                "meta" : [ ],
                "highlight" : [ "grid-element-1", "grid" ]
              } ]
            }, {
              "name" : "grid-element-2",
              "specs" : [ {
                "status" : "info",
                "place" : {
                  "filePath" : "pocetna.gspec",
                  "lineNumber" : 43
                },
                "name" : "inside grid",
                "meta" : [ ],
                "highlight" : [ "grid-element-2", "grid" ]
              } ]
            }, {
              "name" : "grid-element-3",
              "specs" : [ {
                "status" : "info",
                "place" : {
                  "filePath" : "pocetna.gspec",
                  "lineNumber" : 43
                },
                "name" : "inside grid",
                "meta" : [ ],
                "highlight" : [ "grid-element-3", "grid" ]
              } ]
            }, {
              "name" : "grid-element-4",
              "specs" : [ {
                "status" : "info",
                "place" : {
                  "filePath" : "pocetna.gspec",
                  "lineNumber" : 43
                },
                "name" : "inside grid",
                "meta" : [ ],
                "highlight" : [ "grid-element-4", "grid" ]
              } ]
            }, {
              "name" : "grid-element-5",
              "specs" : [ {
                "status" : "info",
                "place" : {
                  "filePath" : "pocetna.gspec",
                  "lineNumber" : 43
                },
                "name" : "inside grid",
                "meta" : [ ],
                "highlight" : [ "grid-element-5", "grid" ]
              } ]
            }, {
              "name" : "grid-element-6",
              "specs" : [ {
                "status" : "info",
                "place" : {
                  "filePath" : "pocetna.gspec",
                  "lineNumber" : 43
                },
                "name" : "inside grid",
                "meta" : [ ],
                "highlight" : [ "grid-element-6", "grid" ]
              } ]
            }, {
              "name" : "grid-element-7",
              "specs" : [ {
                "status" : "info",
                "place" : {
                  "filePath" : "pocetna.gspec",
                  "lineNumber" : 43
                },
                "name" : "inside grid",
                "meta" : [ ],
                "highlight" : [ "grid-element-7", "grid" ]
              } ]
            }, {
              "name" : "grid-element-8",
              "specs" : [ {
                "status" : "info",
                "place" : {
                  "filePath" : "pocetna.gspec",
                  "lineNumber" : 43
                },
                "name" : "inside grid",
                "meta" : [ ],
                "highlight" : [ "grid-element-8", "grid" ]
              } ]
            }, {
              "name" : "grid-element-9",
              "specs" : [ {
                "status" : "info",
                "place" : {
                  "filePath" : "pocetna.gspec",
                  "lineNumber" : 43
                },
                "name" : "inside grid",
                "meta" : [ ],
                "highlight" : [ "grid-element-9", "grid" ]
              } ]
            }, {
              "name" : "grid-element-10",
              "specs" : [ {
                "status" : "info",
                "place" : {
                  "filePath" : "pocetna.gspec",
                  "lineNumber" : 43
                },
                "name" : "inside grid",
                "meta" : [ ],
                "highlight" : [ "grid-element-10", "grid" ]
              } ]
            } ]
          } ],
          "objects" : {
            "meni" : {
              "area" : [ 8, 50, 975, 108 ]
            },
            "lista" : {
              "area" : [ 348, 120, 60, 18 ]
            },
            "img" : {
              "area" : [ 470, 25, 50, 50 ]
            },
            "grid-element-10" : {
              "area" : [ 23, 1108, 308, 300 ]
            },
            "grid-element-9" : {
              "area" : [ 659, 798, 308, 300 ]
            },
            "grid-element-8" : {
              "area" : [ 341, 798, 309, 300 ]
            },
            "sadrzaj" : {
              "area" : [ 8, 163, 975, 1260 ]
            },
            "grid" : {
              "area" : [ 8, 163, 975, 1260 ]
            },
            "lista-link-1" : {
              "area" : [ 353, 120, 51, 17 ]
            },
            "grid-element-7" : {
              "area" : [ 23, 798, 308, 300 ]
            },
            "logo" : {
              "area" : [ 470, 25, 50, 50 ]
            },
            "lista-link-2" : {
              "area" : [ 417, 120, 28, 17 ]
            },
            "grid-element-6" : {
              "area" : [ 659, 488, 308, 300 ]
            },
            "lista-link-3" : {
              "area" : [ 459, 120, 33, 17 ]
            },
            "grid-element-5" : {
              "area" : [ 341, 488, 309, 300 ]
            },
            "lista-link-4" : {
              "area" : [ 507, 120, 76, 17 ]
            },
            "grid-element-4" : {
              "area" : [ 23, 488, 308, 300 ]
            },
            "lista-link-5" : {
              "area" : [ 596, 120, 41, 17 ]
            },
            "grid-element-3" : {
              "area" : [ 659, 178, 308, 300 ]
            },
            "grid-element-2" : {
              "area" : [ 341, 178, 309, 300 ]
            },
            "grid-element-1" : {
              "area" : [ 23, 178, 308, 300 ]
            }
          },
          "screenshot" : "layout-1-screenshot.png",
          "type" : "layout"
        } ],
        "time" : 1573684184265,
        "type" : "node"
      } ],
      "time" : 1573684178447,
      "type" : "node"
    } ]
  }
}