{
  "testId" : "1-unos.gspec",
  "name" : "unos.gspec",
  "report" : {
    "nodes" : [ {
      "name" : "Simple check",
      "status" : "info",
      "nodes" : [ {
        "name" : "check  unos.gspec --url http://localhost/public/unos.html --size 1024x768 --htmlreport izvjestaj",
        "status" : "info",
        "nodes" : [ {
          "name" : "Check layout: unos.gspec included tags: ",
          "status" : "info",
          "time" : 1573681128597,
          "sections" : [ {
            "name" : "Header section",
            "place" : {
              "filePath" : "unos.gspec",
              "lineNumber" : 15
            },
            "objects" : [ {
              "name" : "meni",
              "specs" : [ {
                "status" : "info",
                "place" : {
                  "filePath" : "unos.gspec",
                  "lineNumber" : 17
                },
                "name" : "contains lista",
                "highlight" : [ "meni", "lista" ]
              } ]
            }, {
              "name" : "lista-link-1",
              "specs" : [ {
                "status" : "info",
                "place" : {
                  "filePath" : "unos.gspec",
                  "lineNumber" : 19
                },
                "name" : "text contains \"Početna\"",
                "highlight" : [ "lista-link-1" ]
              } ]
            }, {
              "name" : "lista-link-2",
              "specs" : [ {
                "status" : "info",
                "place" : {
                  "filePath" : "unos.gspec",
                  "lineNumber" : 21
                },
                "name" : "text contains \"Sale\"",
                "highlight" : [ "lista-link-2" ]
              } ]
            }, {
              "name" : "lista-link-3",
              "specs" : [ {
                "status" : "info",
                "place" : {
                  "filePath" : "unos.gspec",
                  "lineNumber" : 23
                },
                "name" : "text contains \"Unos\"",
                "highlight" : [ "lista-link-3" ]
              }, {
                "status" : "info",
                "place" : {
                  "filePath" : "unos.gspec",
                  "lineNumber" : 24
                },
                "name" : "css text-decoration contains \"none\"",
                "highlight" : [ "lista-link-3" ]
              } ]
            }, {
              "name" : "lista-link-4",
              "specs" : [ {
                "status" : "info",
                "place" : {
                  "filePath" : "unos.gspec",
                  "lineNumber" : 26
                },
                "name" : "text contains \"Rezervacije\"",
                "highlight" : [ "lista-link-4" ]
              } ]
            }, {
              "name" : "lista-link-5",
              "specs" : [ {
                "status" : "info",
                "place" : {
                  "filePath" : "unos.gspec",
                  "lineNumber" : 28
                },
                "name" : "text contains \"Osobe\"",
                "highlight" : [ "lista-link-5" ]
              } ]
            } ]
          }, {
            "name" : "Main section",
            "place" : {
              "filePath" : "unos.gspec",
              "lineNumber" : 29
            },
            "objects" : [ {
              "name" : "sadrzaj",
              "specs" : [ {
                "status" : "info",
                "place" : {
                  "filePath" : "unos.gspec",
                  "lineNumber" : 31
                },
                "name" : "contains naziv,brojMjesta,odgovornaOsoba,sprat,unos",
                "highlight" : [ "sadrzaj", "naziv", "brojMjesta", "odgovornaOsoba", "sprat", "unos" ]
              }, {
                "status" : "info",
                "place" : {
                  "filePath" : "unos.gspec",
                  "lineNumber" : 32
                },
                "name" : "css background-color is \"rgba(173, 216, 230, 1)\"",
                "highlight" : [ "sadrzaj" ]
              } ]
            }, {
              "name" : "naziv",
              "specs" : [ {
                "status" : "info",
                "place" : {
                  "filePath" : "unos.gspec",
                  "lineNumber" : 34
                },
                "name" : "above brojMjesta 0 to 15 px",
                "meta" : [ {
                  "from" : {
                    "object" : "naziv",
                    "edge" : "bottom"
                  },
                  "to" : {
                    "object" : "brojMjesta",
                    "edge" : "top"
                  },
                  "expectedDistance" : "0 to 15px",
                  "realDistance" : "10px"
                } ],
                "highlight" : [ "naziv", "brojMjesta" ]
              } ]
            }, {
              "name" : "brojMjesta",
              "specs" : [ {
                "status" : "info",
                "place" : {
                  "filePath" : "unos.gspec",
                  "lineNumber" : 36
                },
                "name" : "above odgovornaOsoba 0 to 15 px",
                "meta" : [ {
                  "from" : {
                    "object" : "brojMjesta",
                    "edge" : "bottom"
                  },
                  "to" : {
                    "object" : "odgovornaOsoba",
                    "edge" : "top"
                  },
                  "expectedDistance" : "0 to 15px",
                  "realDistance" : "10px"
                } ],
                "highlight" : [ "brojMjesta", "odgovornaOsoba" ]
              } ]
            }, {
              "name" : "odgovornaOsoba",
              "specs" : [ {
                "status" : "info",
                "place" : {
                  "filePath" : "unos.gspec",
                  "lineNumber" : 38
                },
                "name" : "above sprat 0 to 15 px",
                "meta" : [ {
                  "from" : {
                    "object" : "odgovornaOsoba",
                    "edge" : "bottom"
                  },
                  "to" : {
                    "object" : "sprat",
                    "edge" : "top"
                  },
                  "expectedDistance" : "0 to 15px",
                  "realDistance" : "10px"
                } ],
                "highlight" : [ "odgovornaOsoba", "sprat" ]
              } ]
            }, {
              "name" : "sprat",
              "specs" : [ {
                "status" : "info",
                "place" : {
                  "filePath" : "unos.gspec",
                  "lineNumber" : 40
                },
                "name" : "above unos 0 to 15 px",
                "meta" : [ {
                  "from" : {
                    "object" : "sprat",
                    "edge" : "bottom"
                  },
                  "to" : {
                    "object" : "unos",
                    "edge" : "top"
                  },
                  "expectedDistance" : "0 to 15px",
                  "realDistance" : "10px"
                } ],
                "highlight" : [ "sprat", "unos" ]
              } ]
            } ]
          } ],
          "objects" : {
            "meni" : {
              "area" : [ 8, 50, 975, 108 ]
            },
            "lista" : {
              "area" : [ 348, 120, 60, 18 ]
            },
            "sprat" : {
              "area" : [ 470, 261, 173, 21 ]
            },
            "naziv" : {
              "area" : [ 470, 168, 173, 21 ]
            },
            "unos" : {
              "area" : [ 320, 292, 55, 21 ]
            },
            "sadrzaj" : {
              "area" : [ 8, 163, 975, 680 ]
            },
            "odgovornaOsoba" : {
              "area" : [ 470, 230, 173, 21 ]
            },
            "lista-link-1" : {
              "area" : [ 353, 120, 51, 17 ]
            },
            "lista-link-2" : {
              "area" : [ 417, 120, 28, 17 ]
            },
            "lista-link-3" : {
              "area" : [ 459, 120, 33, 17 ]
            },
            "lista-link-4" : {
              "area" : [ 507, 120, 76, 17 ]
            },
            "brojMjesta" : {
              "area" : [ 470, 199, 173, 21 ]
            },
            "lista-link-5" : {
              "area" : [ 596, 120, 41, 17 ]
            }
          },
          "screenshot" : "layout-1-screenshot.png",
          "type" : "layout"
        } ],
        "time" : 1573681125510,
        "type" : "node"
      } ],
      "time" : 1573681120320,
      "type" : "node"
    } ]
  }
}